{"heat": [[5.943812, 46.374292], [6.325057, 46.374292], [6.325057, 46.1161], [5.943812, 46.1161]], "canopy": [[5.943812, 46.374292], [6.325093, 46.374292], [6.325093, 46.115826], [5.943812, 46.115826]]}